Feature,count,mean,std,min,25%,50%,75%,max
Income of Policy Holder,500.0,13739.994,20081.535488929836,0.0,0.0,0.0,33918.5,71284.0
Num Claimants,500.0,1.908,1.012712779789359,1.0,1.0,2.0,3.0,4.0
Claim Amount,500.0,16373.204,29426.276960327068,-99999.0,3322.25,5663.0,12245.5,270200.0
Total Claimed,500.0,9597.186,35655.68621988716,0.0,0.0,0.0,11282.75,729792.0
Num Claims,500.0,0.798,2.666724364773298,0.0,0.0,0.0,1.0,56.0
Num Soft Tissue,490.0,0.23469387755102042,0.5896347420236439,0.0,0.0,0.0,0.0,5.0
% Soft Tissue,500.0,0.17201190476,0.4280152103805927,0.0,0.0,0.0,0.0,2.0
Claim Amount Received,500.0,13051.942,30547.194864189743,0.0,0.0,3253.5,8191.75,295303.0
